[
  {
    "class_name": "BFO_0000009",
    "ELReasoner": {
      "subsumers": [
        "BFO_0000001",
        "BFO_0000009",
        "BFO_0000006",
        "BFO_0000004",
        "BFO_0000002",
        "BFO_0000141"
      ],
      "count": 6,
      "execution_time": 0.001004934310913086
    },
    "ELK": {
      "subsumers": [
        "BFO_0000141",
        "BFO_0000006",
        "BFO_0000004",
        "BFO_0000002",
        "\u22a4",
        "BFO_0000001",
        "BFO_0000009"
      ],
      "count": 7,
      "execution_time": 0.12625336647033691
    },
    "HermiT": {
      "subsumers": [
        "obo.BFO_0000009",
        "obo.BFO_0000004",
        "obo.BFO_0000002",
        "obo.BFO_0000001",
        "obo.BFO_0000006",
        "obo.BFO_0000141",
        "owl.Thing"
      ],
      "count": 7,
      "execution_time": 0.0006263256072998047
    }
  },
  {
    "class_name": "BFO_0000015",
    "ELReasoner": {
      "subsumers": [
        "BFO_0000001",
        "BFO_0000015",
        "BFO_0000003"
      ],
      "count": 3,
      "execution_time": 0.0003058910369873047
    },
    "ELK": {
      "subsumers": [
        "BFO_0000015",
        "\u22a4",
        "BFO_0000003",
        "BFO_0000001"
      ],
      "count": 4,
      "execution_time": 0.0013456344604492188
    },
    "HermiT": {
      "subsumers": [
        "obo.BFO_0000001",
        "obo.BFO_0000015",
        "owl.Thing",
        "obo.BFO_0000003"
      ],
      "count": 4,
      "execution_time": 0.0012028217315673828
    }
  },
  {
    "class_name": "BFO_0000035",
    "ELReasoner": {
      "subsumers": [
        "BFO_0000001",
        "BFO_0000035",
        "BFO_0000003"
      ],
      "count": 3,
      "execution_time": 0.0006613731384277344
    },
    "ELK": {
      "subsumers": [
        "BFO_0000035",
        "\u22a4",
        "BFO_0000003",
        "BFO_0000001"
      ],
      "count": 4,
      "execution_time": 0.0016345977783203125
    },
    "HermiT": {
      "subsumers": [
        "obo.BFO_0000001",
        "obo.BFO_0000035",
        "owl.Thing",
        "obo.BFO_0000003"
      ],
      "count": 4,
      "execution_time": 0.0006215572357177734
    }
  },
  {
    "class_name": "BFO_0000034",
    "ELReasoner": {
      "subsumers": [
        "BFO_0000001",
        "BFO_0000034",
        "BFO_0000016",
        "BFO_0000017",
        "BFO_0000020",
        "BFO_0000002"
      ],
      "count": 6,
      "execution_time": 0.0005910396575927734
    },
    "ELK": {
      "subsumers": [
        "BFO_0000016",
        "BFO_0000020",
        "BFO_0000002",
        "\u22a4",
        "BFO_0000001",
        "BFO_0000017",
        "BFO_0000034"
      ],
      "count": 7,
      "execution_time": 0.0012586116790771484
    },
    "HermiT": {
      "subsumers": [
        "obo.BFO_0000034",
        "obo.BFO_0000017",
        "obo.BFO_0000001",
        "obo.BFO_0000016",
        "obo.BFO_0000020",
        "obo.BFO_0000002",
        "owl.Thing"
      ],
      "count": 7,
      "execution_time": 0.00047588348388671875
    }
  },
  {
    "class_name": "BFO_0000019",
    "ELReasoner": {
      "subsumers": [
        "BFO_0000001",
        "BFO_0000019",
        "BFO_0000020",
        "BFO_0000002"
      ],
      "count": 4,
      "execution_time": 0.00044918060302734375
    },
    "ELK": {
      "subsumers": [
        "BFO_0000020",
        "BFO_0000002",
        "BFO_0000019",
        "\u22a4",
        "BFO_0000001"
      ],
      "count": 5,
      "execution_time": 0.0012099742889404297
    },
    "HermiT": {
      "subsumers": [
        "obo.BFO_0000001",
        "obo.BFO_0000019",
        "obo.BFO_0000020",
        "obo.BFO_0000002",
        "owl.Thing"
      ],
      "count": 5,
      "execution_time": 0.00121307373046875
    }
  },
  {
    "class_name": "BFO_0000018",
    "ELReasoner": {
      "subsumers": [
        "BFO_0000001",
        "BFO_0000006",
        "BFO_0000004",
        "BFO_0000002",
        "BFO_0000141",
        "BFO_0000018"
      ],
      "count": 6,
      "execution_time": 0.0003566741943359375
    },
    "ELK": {
      "subsumers": [
        "BFO_0000141",
        "BFO_0000006",
        "BFO_0000004",
        "BFO_0000018",
        "BFO_0000002",
        "\u22a4",
        "BFO_0000001"
      ],
      "count": 7,
      "execution_time": 0.0012507438659667969
    },
    "HermiT": {
      "subsumers": [
        "obo.BFO_0000004",
        "obo.BFO_0000002",
        "obo.BFO_0000001",
        "obo.BFO_0000006",
        "obo.BFO_0000141",
        "owl.Thing",
        "obo.BFO_0000018"
      ],
      "count": 7,
      "execution_time": 0.0004658699035644531
    }
  },
  {
    "class_name": "BFO_0000017",
    "ELReasoner": {
      "subsumers": [
        "BFO_0000001",
        "BFO_0000017",
        "BFO_0000020",
        "BFO_0000002"
      ],
      "count": 4,
      "execution_time": 0.0004248619079589844
    },
    "ELK": {
      "subsumers": [
        "BFO_0000020",
        "BFO_0000002",
        "\u22a4",
        "BFO_0000001",
        "BFO_0000017"
      ],
      "count": 5,
      "execution_time": 0.0009903907775878906
    },
    "HermiT": {
      "subsumers": [
        "obo.BFO_0000017",
        "obo.BFO_0000001",
        "obo.BFO_0000020",
        "obo.BFO_0000002",
        "owl.Thing"
      ],
      "count": 5,
      "execution_time": 0.00046944618225097656
    }
  },
  {
    "class_name": "BFO_0000016",
    "ELReasoner": {
      "subsumers": [
        "BFO_0000001",
        "BFO_0000016",
        "BFO_0000017",
        "BFO_0000020",
        "BFO_0000002"
      ],
      "count": 5,
      "execution_time": 0.000522613525390625
    },
    "ELK": {
      "subsumers": [
        "BFO_0000016",
        "BFO_0000020",
        "BFO_0000002",
        "\u22a4",
        "BFO_0000001",
        "BFO_0000017"
      ],
      "count": 6,
      "execution_time": 0.0022640228271484375
    },
    "HermiT": {
      "subsumers": [
        "obo.BFO_0000017",
        "obo.BFO_0000001",
        "obo.BFO_0000016",
        "obo.BFO_0000020",
        "obo.BFO_0000002",
        "owl.Thing"
      ],
      "count": 6,
      "execution_time": 0.00048089027404785156
    }
  },
  {
    "class_name": "BFO_0000038",
    "ELReasoner": {
      "subsumers": [
        "BFO_0000001",
        "BFO_0000038",
        "BFO_0000008",
        "BFO_0000003"
      ],
      "count": 4,
      "execution_time": 0.0005166530609130859
    },
    "ELK": {
      "subsumers": [
        "BFO_0000038",
        "BFO_0000008",
        "\u22a4",
        "BFO_0000003",
        "BFO_0000001"
      ],
      "count": 5,
      "execution_time": 0.0013391971588134766
    },
    "HermiT": {
      "subsumers": [
        "obo.BFO_0000008",
        "obo.BFO_0000003",
        "obo.BFO_0000001",
        "obo.BFO_0000038",
        "owl.Thing"
      ],
      "count": 5,
      "execution_time": 0.00030612945556640625
    }
  },
  {
    "class_name": "BFO_0000011",
    "ELReasoner": {
      "subsumers": [
        "BFO_0000001",
        "BFO_0000011",
        "BFO_0000003"
      ],
      "count": 3,
      "execution_time": 0.00021886825561523438
    },
    "ELK": {
      "subsumers": [
        "\u22a4",
        "BFO_0000003",
        "BFO_0000001",
        "BFO_0000011"
      ],
      "count": 4,
      "execution_time": 0.0007772445678710938
    },
    "HermiT": {
      "subsumers": [
        "obo.BFO_0000001",
        "obo.BFO_0000011",
        "owl.Thing",
        "obo.BFO_0000003"
      ],
      "count": 4,
      "execution_time": 0.0004787445068359375
    }
  },
  {
    "class_name": "BFO_0000031",
    "ELReasoner": {
      "subsumers": [
        "BFO_0000001",
        "BFO_0000002",
        "BFO_0000031"
      ],
      "count": 3,
      "execution_time": 0.0002384185791015625
    },
    "ELK": {
      "subsumers": [
        "BFO_0000002",
        "BFO_0000031",
        "\u22a4",
        "BFO_0000001"
      ],
      "count": 4,
      "execution_time": 0.0018241405487060547
    },
    "HermiT": {
      "subsumers": [
        "obo.BFO_0000001",
        "obo.BFO_0000002",
        "owl.Thing",
        "obo.BFO_0000031"
      ],
      "count": 4,
      "execution_time": 0.00046706199645996094
    }
  },
  {
    "class_name": "BFO_0000030",
    "ELReasoner": {
      "subsumers": [
        "BFO_0000001",
        "BFO_0000030",
        "BFO_0000040",
        "BFO_0000004",
        "BFO_0000002"
      ],
      "count": 5,
      "execution_time": 0.0005064010620117188
    },
    "ELK": {
      "subsumers": [
        "BFO_0000030",
        "BFO_0000004",
        "BFO_0000040",
        "BFO_0000002",
        "\u22a4",
        "BFO_0000001"
      ],
      "count": 6,
      "execution_time": 0.0009186267852783203
    },
    "HermiT": {
      "subsumers": [
        "obo.BFO_0000040",
        "obo.BFO_0000004",
        "obo.BFO_0000001",
        "obo.BFO_0000030",
        "obo.BFO_0000002",
        "owl.Thing"
      ],
      "count": 6,
      "execution_time": 0.0005130767822265625
    }
  },
  {
    "class_name": "BFO_0000004",
    "ELReasoner": {
      "subsumers": [
        "BFO_0000001",
        "BFO_0000004",
        "BFO_0000002"
      ],
      "count": 3,
      "execution_time": 0.00043582916259765625
    },
    "ELK": {
      "subsumers": [
        "BFO_0000004",
        "BFO_0000002",
        "\u22a4",
        "BFO_0000001"
      ],
      "count": 4,
      "execution_time": 0.0016553401947021484
    },
    "HermiT": {
      "subsumers": [
        "obo.BFO_0000001",
        "obo.BFO_0000004",
        "obo.BFO_0000002",
        "owl.Thing"
      ],
      "count": 4,
      "execution_time": 0.00044989585876464844
    }
  },
  {
    "class_name": "BFO_0000026",
    "ELReasoner": {
      "subsumers": [
        "BFO_0000001",
        "BFO_0000026",
        "BFO_0000006",
        "BFO_0000004",
        "BFO_0000002",
        "BFO_0000141"
      ],
      "count": 6,
      "execution_time": 0.0004892349243164062
    },
    "ELK": {
      "subsumers": [
        "BFO_0000141",
        "BFO_0000026",
        "BFO_0000006",
        "BFO_0000004",
        "BFO_0000002",
        "\u22a4",
        "BFO_0000001"
      ],
      "count": 7,
      "execution_time": 0.0010516643524169922
    },
    "HermiT": {
      "subsumers": [
        "obo.BFO_0000026",
        "obo.BFO_0000004",
        "obo.BFO_0000002",
        "obo.BFO_0000001",
        "obo.BFO_0000006",
        "obo.BFO_0000141",
        "owl.Thing"
      ],
      "count": 7,
      "execution_time": 0.0005128383636474609
    }
  },
  {
    "class_name": "BFO_0000147",
    "ELReasoner": {
      "subsumers": [
        "BFO_0000001",
        "BFO_0000141",
        "BFO_0000004",
        "BFO_0000002",
        "BFO_0000147",
        "BFO_0000140"
      ],
      "count": 6,
      "execution_time": 0.0005338191986083984
    },
    "ELK": {
      "subsumers": [
        "BFO_0000140",
        "BFO_0000141",
        "BFO_0000004",
        "BFO_0000002",
        "\u22a4",
        "BFO_0000001",
        "BFO_0000147"
      ],
      "count": 7,
      "execution_time": 0.0008871555328369141
    },
    "HermiT": {
      "subsumers": [
        "obo.BFO_0000141",
        "owl.Thing",
        "obo.BFO_0000004",
        "obo.BFO_0000140",
        "obo.BFO_0000001",
        "obo.BFO_0000002",
        "obo.BFO_0000147"
      ],
      "count": 7,
      "execution_time": 0.0005395412445068359
    }
  },
  {
    "class_name": "BFO_0000003",
    "ELReasoner": {
      "subsumers": [
        "BFO_0000001",
        "BFO_0000003"
      ],
      "count": 2,
      "execution_time": 0.00043487548828125
    },
    "ELK": {
      "subsumers": [
        "\u22a4",
        "BFO_0000003",
        "BFO_0000001"
      ],
      "count": 3,
      "execution_time": 0.002846956253051758
    },
    "HermiT": {
      "subsumers": [
        "obo.BFO_0000001",
        "owl.Thing",
        "obo.BFO_0000003"
      ],
      "count": 3,
      "execution_time": 0.00046443939208984375
    }
  },
  {
    "class_name": "BFO_0000146",
    "ELReasoner": {
      "subsumers": [
        "BFO_0000001",
        "BFO_0000141",
        "BFO_0000146",
        "BFO_0000004",
        "BFO_0000002",
        "BFO_0000140"
      ],
      "count": 6,
      "execution_time": 0.0004901885986328125
    },
    "ELK": {
      "subsumers": [
        "BFO_0000140",
        "BFO_0000141",
        "BFO_0000146",
        "BFO_0000004",
        "BFO_0000002",
        "\u22a4",
        "BFO_0000001"
      ],
      "count": 7,
      "execution_time": 0.001390218734741211
    },
    "HermiT": {
      "subsumers": [
        "obo.BFO_0000141",
        "obo.BFO_0000004",
        "obo.BFO_0000140",
        "obo.BFO_0000001",
        "obo.BFO_0000146",
        "obo.BFO_0000002",
        "owl.Thing"
      ],
      "count": 7,
      "execution_time": 0.00031566619873046875
    }
  },
  {
    "class_name": "BFO_0000002",
    "ELReasoner": {
      "subsumers": [
        "BFO_0000001",
        "BFO_0000002"
      ],
      "count": 2,
      "execution_time": 0.00020241737365722656
    },
    "ELK": {
      "subsumers": [
        "BFO_0000002",
        "\u22a4",
        "BFO_0000001"
      ],
      "count": 3,
      "execution_time": 0.0010297298431396484
    },
    "HermiT": {
      "subsumers": [
        "obo.BFO_0000001",
        "obo.BFO_0000002",
        "owl.Thing"
      ],
      "count": 3,
      "execution_time": 0.00043511390686035156
    }
  },
  {
    "class_name": "BFO_0000024",
    "ELReasoner": {
      "subsumers": [
        "BFO_0000001",
        "BFO_0000024",
        "BFO_0000040",
        "BFO_0000004",
        "BFO_0000002"
      ],
      "count": 5,
      "execution_time": 0.0004558563232421875
    },
    "ELK": {
      "subsumers": [
        "BFO_0000004",
        "BFO_0000040",
        "BFO_0000002",
        "\u22a4",
        "BFO_0000001",
        "BFO_0000024"
      ],
      "count": 6,
      "execution_time": 0.000885009765625
    },
    "HermiT": {
      "subsumers": [
        "obo.BFO_0000040",
        "obo.BFO_0000004",
        "obo.BFO_0000001",
        "obo.BFO_0000024",
        "obo.BFO_0000002",
        "owl.Thing"
      ],
      "count": 6,
      "execution_time": 0.0012488365173339844
    }
  },
  {
    "class_name": "BFO_0000145",
    "ELReasoner": {
      "subsumers": [
        "BFO_0000001",
        "BFO_0000145",
        "BFO_0000019",
        "BFO_0000020",
        "BFO_0000002"
      ],
      "count": 5,
      "execution_time": 0.0005271434783935547
    },
    "ELK": {
      "subsumers": [
        "BFO_0000020",
        "BFO_0000002",
        "BFO_0000019",
        "\u22a4",
        "BFO_0000001",
        "BFO_0000145"
      ],
      "count": 6,
      "execution_time": 0.0018694400787353516
    },
    "HermiT": {
      "subsumers": [
        "obo.BFO_0000145",
        "obo.BFO_0000001",
        "obo.BFO_0000019",
        "obo.BFO_0000020",
        "obo.BFO_0000002",
        "owl.Thing"
      ],
      "count": 6,
      "execution_time": 0.00045299530029296875
    }
  },
  {
    "class_name": "BFO_0000001",
    "ELReasoner": {
      "subsumers": [
        "BFO_0000001"
      ],
      "count": 1,
      "execution_time": 0.0003476142883300781
    },
    "ELK": {
      "subsumers": [
        "\u22a4",
        "BFO_0000001"
      ],
      "count": 2,
      "execution_time": 0.0006425380706787109
    },
    "HermiT": {
      "subsumers": [
        "obo.BFO_0000001",
        "owl.Thing"
      ],
      "count": 2,
      "execution_time": 0.0004184246063232422
    }
  },
  {
    "class_name": "BFO_0000023",
    "ELReasoner": {
      "subsumers": [
        "BFO_0000001",
        "BFO_0000017",
        "BFO_0000020",
        "BFO_0000002",
        "BFO_0000023"
      ],
      "count": 5,
      "execution_time": 0.0004603862762451172
    },
    "ELK": {
      "subsumers": [
        "BFO_0000023",
        "BFO_0000020",
        "BFO_0000002",
        "\u22a4",
        "BFO_0000001",
        "BFO_0000017"
      ],
      "count": 6,
      "execution_time": 0.0005996227264404297
    },
    "HermiT": {
      "subsumers": [
        "obo.BFO_0000017",
        "obo.BFO_0000023",
        "obo.BFO_0000001",
        "obo.BFO_0000020",
        "obo.BFO_0000002",
        "owl.Thing"
      ],
      "count": 6,
      "execution_time": 0.0007872581481933594
    }
  },
  {
    "class_name": "BFO_0000144",
    "ELReasoner": {
      "subsumers": [
        "BFO_0000001",
        "BFO_0000144",
        "BFO_0000015",
        "BFO_0000003"
      ],
      "count": 4,
      "execution_time": 0.00043702125549316406
    },
    "ELK": {
      "subsumers": [
        "BFO_0000015",
        "\u22a4",
        "BFO_0000003",
        "BFO_0000001",
        "BFO_0000144"
      ],
      "count": 5,
      "execution_time": 0.0011622905731201172
    },
    "HermiT": {
      "subsumers": [
        "obo.BFO_0000015",
        "obo.BFO_0000003",
        "obo.BFO_0000001",
        "obo.BFO_0000144",
        "owl.Thing"
      ],
      "count": 5,
      "execution_time": 0.00045943260192871094
    }
  },
  {
    "class_name": "BFO_0000008",
    "ELReasoner": {
      "subsumers": [
        "BFO_0000001",
        "BFO_0000008",
        "BFO_0000003"
      ],
      "count": 3,
      "execution_time": 0.00039768218994140625
    },
    "ELK": {
      "subsumers": [
        "BFO_0000008",
        "\u22a4",
        "BFO_0000003",
        "BFO_0000001"
      ],
      "count": 4,
      "execution_time": 0.0007734298706054688
    },
    "HermiT": {
      "subsumers": [
        "obo.BFO_0000001",
        "obo.BFO_0000008",
        "owl.Thing",
        "obo.BFO_0000003"
      ],
      "count": 4,
      "execution_time": 0.0004315376281738281
    }
  },
  {
    "class_name": "BFO_0000029",
    "ELReasoner": {
      "subsumers": [
        "BFO_0000001",
        "BFO_0000141",
        "BFO_0000004",
        "BFO_0000029",
        "BFO_0000002"
      ],
      "count": 5,
      "execution_time": 0.00045871734619140625
    },
    "ELK": {
      "subsumers": [
        "BFO_0000141",
        "BFO_0000004",
        "BFO_0000002",
        "BFO_0000029",
        "\u22a4",
        "BFO_0000001"
      ],
      "count": 6,
      "execution_time": 0.0009000301361083984
    },
    "HermiT": {
      "subsumers": [
        "obo.BFO_0000004",
        "obo.BFO_0000029",
        "obo.BFO_0000002",
        "obo.BFO_0000001",
        "obo.BFO_0000141",
        "owl.Thing"
      ],
      "count": 6,
      "execution_time": 0.0004811286926269531
    }
  },
  {
    "class_name": "BFO_0000028",
    "ELReasoner": {
      "subsumers": [
        "BFO_0000001",
        "BFO_0000006",
        "BFO_0000028",
        "BFO_0000004",
        "BFO_0000002",
        "BFO_0000141"
      ],
      "count": 6,
      "execution_time": 0.00048279762268066406
    },
    "ELK": {
      "subsumers": [
        "BFO_0000141",
        "BFO_0000006",
        "BFO_0000004",
        "BFO_0000002",
        "BFO_0000028",
        "\u22a4",
        "BFO_0000001"
      ],
      "count": 7,
      "execution_time": 0.0009927749633789062
    },
    "HermiT": {
      "subsumers": [
        "obo.BFO_0000004",
        "obo.BFO_0000002",
        "obo.BFO_0000001",
        "obo.BFO_0000006",
        "obo.BFO_0000028",
        "obo.BFO_0000141",
        "owl.Thing"
      ],
      "count": 7,
      "execution_time": 0.0004813671112060547
    }
  },
  {
    "class_name": "BFO_0000006",
    "ELReasoner": {
      "subsumers": [
        "BFO_0000001",
        "BFO_0000006",
        "BFO_0000141",
        "BFO_0000004",
        "BFO_0000002"
      ],
      "count": 5,
      "execution_time": 0.0004661083221435547
    },
    "ELK": {
      "subsumers": [
        "BFO_0000141",
        "BFO_0000006",
        "BFO_0000004",
        "BFO_0000002",
        "\u22a4",
        "BFO_0000001"
      ],
      "count": 6,
      "execution_time": 0.0015172958374023438
    },
    "HermiT": {
      "subsumers": [
        "obo.BFO_0000004",
        "obo.BFO_0000002",
        "obo.BFO_0000001",
        "obo.BFO_0000006",
        "obo.BFO_0000141",
        "owl.Thing"
      ],
      "count": 6,
      "execution_time": 0.0004417896270751953
    }
  },
  {
    "class_name": "BFO_0000027",
    "ELReasoner": {
      "subsumers": [
        "BFO_0000001",
        "BFO_0000040",
        "BFO_0000027",
        "BFO_0000004",
        "BFO_0000002"
      ],
      "count": 5,
      "execution_time": 0.0004944801330566406
    },
    "ELK": {
      "subsumers": [
        "BFO_0000004",
        "BFO_0000040",
        "BFO_0000002",
        "\u22a4",
        "BFO_0000027",
        "BFO_0000001"
      ],
      "count": 6,
      "execution_time": 0.0008566379547119141
    },
    "HermiT": {
      "subsumers": [
        "obo.BFO_0000040",
        "obo.BFO_0000027",
        "obo.BFO_0000004",
        "obo.BFO_0000001",
        "obo.BFO_0000002",
        "owl.Thing"
      ],
      "count": 6,
      "execution_time": 0.0004680156707763672
    }
  },
  {
    "class_name": "BFO_0000148",
    "ELReasoner": {
      "subsumers": [
        "BFO_0000001",
        "BFO_0000148",
        "BFO_0000008",
        "BFO_0000003"
      ],
      "count": 4,
      "execution_time": 0.00044274330139160156
    },
    "ELK": {
      "subsumers": [
        "BFO_0000148",
        "BFO_0000008",
        "\u22a4",
        "BFO_0000003",
        "BFO_0000001"
      ],
      "count": 5,
      "execution_time": 0.0008256435394287109
    },
    "HermiT": {
      "subsumers": [
        "obo.BFO_0000148",
        "obo.BFO_0000008",
        "obo.BFO_0000003",
        "obo.BFO_0000001",
        "owl.Thing"
      ],
      "count": 5,
      "execution_time": 0.00048041343688964844
    }
  },
  {
    "class_name": "BFO_0000040",
    "ELReasoner": {
      "subsumers": [
        "BFO_0000001",
        "BFO_0000040",
        "BFO_0000004",
        "BFO_0000002"
      ],
      "count": 4,
      "execution_time": 0.0004372596740722656
    },
    "ELK": {
      "subsumers": [
        "BFO_0000004",
        "BFO_0000002",
        "BFO_0000040",
        "\u22a4",
        "BFO_0000001"
      ],
      "count": 5,
      "execution_time": 0.001348257064819336
    },
    "HermiT": {
      "subsumers": [
        "obo.BFO_0000040",
        "obo.BFO_0000004",
        "obo.BFO_0000001",
        "obo.BFO_0000002",
        "owl.Thing"
      ],
      "count": 5,
      "execution_time": 0.0004131793975830078
    }
  },
  {
    "class_name": "BFO_0000182",
    "ELReasoner": {
      "subsumers": [
        "BFO_0000001",
        "BFO_0000182",
        "BFO_0000015",
        "BFO_0000003"
      ],
      "count": 4,
      "execution_time": 0.0004436969757080078
    },
    "ELK": {
      "subsumers": [
        "BFO_0000015",
        "\u22a4",
        "BFO_0000003",
        "BFO_0000001",
        "BFO_0000182"
      ],
      "count": 5,
      "execution_time": 0.0008122920989990234
    },
    "HermiT": {
      "subsumers": [
        "owl.Thing",
        "obo.BFO_0000182",
        "obo.BFO_0000003",
        "obo.BFO_0000001",
        "obo.BFO_0000015"
      ],
      "count": 5,
      "execution_time": 0.0002894401550292969
    }
  },
  {
    "class_name": "BFO_0000142",
    "ELReasoner": {
      "subsumers": [
        "BFO_0000001",
        "BFO_0000141",
        "BFO_0000142",
        "BFO_0000004",
        "BFO_0000002",
        "BFO_0000140"
      ],
      "count": 6,
      "execution_time": 0.0002758502960205078
    },
    "ELK": {
      "subsumers": [
        "BFO_0000140",
        "BFO_0000141",
        "BFO_0000004",
        "BFO_0000002",
        "\u22a4",
        "BFO_0000001",
        "BFO_0000142"
      ],
      "count": 7,
      "execution_time": 0.0010128021240234375
    },
    "HermiT": {
      "subsumers": [
        "obo.BFO_0000141",
        "obo.BFO_0000004",
        "obo.BFO_0000140",
        "obo.BFO_0000001",
        "obo.BFO_0000142",
        "obo.BFO_0000002",
        "owl.Thing"
      ],
      "count": 7,
      "execution_time": 0.0005598068237304688
    }
  },
  {
    "class_name": "BFO_0000141",
    "ELReasoner": {
      "subsumers": [
        "BFO_0000001",
        "BFO_0000004",
        "BFO_0000002",
        "BFO_0000141"
      ],
      "count": 4,
      "execution_time": 0.0004744529724121094
    },
    "ELK": {
      "subsumers": [
        "BFO_0000141",
        "BFO_0000004",
        "BFO_0000002",
        "\u22a4",
        "BFO_0000001"
      ],
      "count": 5,
      "execution_time": 0.0025267601013183594
    },
    "HermiT": {
      "subsumers": [
        "obo.BFO_0000141",
        "obo.BFO_0000004",
        "obo.BFO_0000001",
        "obo.BFO_0000002",
        "owl.Thing"
      ],
      "count": 5,
      "execution_time": 0.0004451274871826172
    }
  },
  {
    "class_name": "BFO_0000020",
    "ELReasoner": {
      "subsumers": [
        "BFO_0000001",
        "BFO_0000020",
        "BFO_0000002"
      ],
      "count": 3,
      "execution_time": 0.0004119873046875
    },
    "ELK": {
      "subsumers": [
        "BFO_0000020",
        "BFO_0000002",
        "\u22a4",
        "BFO_0000001"
      ],
      "count": 4,
      "execution_time": 0.0007212162017822266
    },
    "HermiT": {
      "subsumers": [
        "obo.BFO_0000001",
        "obo.BFO_0000020",
        "obo.BFO_0000002",
        "owl.Thing"
      ],
      "count": 4,
      "execution_time": 0.0004284381866455078
    }
  },
  {
    "class_name": "BFO_0000140",
    "ELReasoner": {
      "subsumers": [
        "BFO_0000001",
        "BFO_0000141",
        "BFO_0000004",
        "BFO_0000002",
        "BFO_0000140"
      ],
      "count": 5,
      "execution_time": 0.00043129920959472656
    },
    "ELK": {
      "subsumers": [
        "BFO_0000140",
        "BFO_0000141",
        "BFO_0000004",
        "BFO_0000002",
        "\u22a4",
        "BFO_0000001"
      ],
      "count": 6,
      "execution_time": 0.003175973892211914
    },
    "HermiT": {
      "subsumers": [
        "obo.BFO_0000141",
        "obo.BFO_0000004",
        "obo.BFO_0000140",
        "obo.BFO_0000001",
        "obo.BFO_0000002",
        "owl.Thing"
      ],
      "count": 6,
      "execution_time": 0.0004711151123046875
    }
  },
  {
    "statistics": {
      "ELReasoner": {
        "total_time": 0.015828371047973633,
        "average_time": 0.00045223917279924665,
        "std_dev": 0.00013536150508521055
      },
      "ELK": {
        "total_time": 0.17054963111877441,
        "average_time": 0.004872846603393555,
        "std_dev": 0.020825369339916397
      },
      "HermiT": {
        "total_time": 0.018796682357788086,
        "average_time": 0.0005370480673653738,
        "std_dev": 0.00022674992747238366
      }
    }
  }
]